"동별(1)","동별(2)",항목,2024 4/4,2024 4/4
"동별(1)","동별(2)",항목,0~4세,5~9세
"종로구","사직동",계,163,265
"종로구","사직동",한국인,157,257
"종로구","사직동",등록외국인,6,8
"종로구","삼청동",계,37,69
"종로구","삼청동",한국인,32,49
"종로구","삼청동",등록외국인,5,20
"종로구","부암동",계,125,245
"종로구","부암동",한국인,125,245
"종로구","부암동",등록외국인,-,-
"종로구","평창동",계,372,572
"종로구","평창동",한국인,370,569
"종로구","평창동",등록외국인,2,3
"종로구","무악동",계,188,310
"종로구","무악동",한국인,188,310
"종로구","무악동",등록외국인,-,-
"종로구","교남동",계,296,430
"종로구","교남동",한국인,291,423
"종로구","교남동",등록외국인,5,7
"종로구","가회동",계,57,101
"종로구","가회동",한국인,55,97
"종로구","가회동",등록외국인,2,4
"종로구","종로1.2.3.4가동",계,192,208
"종로구","종로1.2.3.4가동",한국인,79,70
"종로구","종로1.2.3.4가동",등록외국인,113,138
"종로구","종로5.6가동",계,56,94
"종로구","종로5.6가동",한국인,52,87
"종로구","종로5.6가동",등록외국인,4,7
"종로구","이화동",계,74,99
"종로구","이화동",한국인,68,93
"종로구","이화동",등록외국인,6,6
"종로구","창신1동",계,58,61
"종로구","창신1동",한국인,51,49
"종로구","창신1동",등록외국인,7,12
"종로구","창신2동",계,90,93
"종로구","창신2동",한국인,68,79
"종로구","창신2동",등록외국인,22,14
"종로구","창신3동",계,138,142
"종로구","창신3동",한국인,135,135
"종로구","창신3동",등록외국인,3,7
"종로구","숭인1동",계,83,95
"종로구","숭인1동",한국인,76,91
"종로구","숭인1동",등록외국인,7,4
"종로구","숭인2동",계,101,99
"종로구","숭인2동",한국인,99,96
"종로구","숭인2동",등록외국인,2,3
"종로구","청운효자동",계,224,326
"종로구","청운효자동",한국인,220,324
"종로구","청운효자동",등록외국인,4,2
"종로구","혜화동",계,195,288
"종로구","혜화동",한국인,188,283
"종로구","혜화동",등록외국인,7,5
"중구","소공동",계,116,150
"중구","소공동",한국인,59,72
"중구","소공동",등록외국인,57,78
"중구","회현동",계,94,114
"중구","회현동",한국인,73,76
"중구","회현동",등록외국인,21,38
"중구","명동",계,40,62
"중구","명동",한국인,27,25
"중구","명동",등록외국인,13,37
"중구","필동",계,62,71
"중구","필동",한국인,62,67
"중구","필동",등록외국인,-,4
"중구","장충동",계,70,86
"중구","장충동",한국인,56,71
"중구","장충동",등록외국인,14,15
"중구","광희동",계,74,76
"중구","광희동",한국인,58,58
"중구","광희동",등록외국인,16,18
"중구","을지로동",계,100,42
"중구","을지로동",한국인,90,38
"중구","을지로동",등록외국인,10,4
"중구","신당5동",계,227,218
"중구","신당5동",한국인,219,214
"중구","신당5동",등록외국인,8,4
"중구","황학동",계,316,316
"중구","황학동",한국인,303,289
"중구","황학동",등록외국인,13,27
"중구","중림동",계,473,449
"중구","중림동",한국인,459,443
"중구","중림동",등록외국인,14,6
"중구","신당동",계,107,168
"중구","신당동",한국인,85,142
"중구","신당동",등록외국인,22,26
"중구","다산동",계,184,238
"중구","다산동",한국인,173,228
"중구","다산동",등록외국인,11,10
"중구","약수동",계,369,431
"중구","약수동",한국인,365,423
"중구","약수동",등록외국인,4,8
"중구","청구동",계,302,293
"중구","청구동",한국인,297,282
"중구","청구동",등록외국인,5,11
"중구","동화동",계,241,334
"중구","동화동",한국인,236,326
"중구","동화동",등록외국인,5,8
"용산구","후암동",계,266,393
"용산구","후암동",한국인,259,380
"용산구","후암동",등록외국인,7,13
"용산구","용산2가동",계,133,171
"용산구","용산2가동",한국인,96,130
"용산구","용산2가동",등록외국인,37,41
"용산구","남영동",계,62,80
"용산구","남영동",한국인,52,66
"용산구","남영동",등록외국인,10,14
"용산구","원효로2동",계,315,407
"용산구","원효로2동",한국인,314,404
"용산구","원효로2동",등록외국인,1,3
"용산구","효창동",계,311,379
"용산구","효창동",한국인,301,366
"용산구","효창동",등록외국인,10,13
"용산구","용문동",계,278,279
"용산구","용문동",한국인,276,276
"용산구","용문동",등록외국인,2,3
"용산구","이촌1동",계,794,1364
"용산구","이촌1동",한국인,768,1314
"용산구","이촌1동",등록외국인,26,50
"용산구","이촌2동",계,241,146
"용산구","이촌2동",한국인,240,146
"용산구","이촌2동",등록외국인,1,-
"용산구","이태원1동",계,134,180
"용산구","이태원1동",한국인,89,110
"용산구","이태원1동",등록외국인,45,70
"용산구","이태원2동",계,204,269
"용산구","이태원2동",한국인,130,187
"용산구","이태원2동",등록외국인,74,82
"용산구","서빙고동",계,320,420
"용산구","서빙고동",한국인,278,352
"용산구","서빙고동",등록외국인,42,68
"용산구","보광동",계,99,126
"용산구","보광동",한국인,65,83
"용산구","보광동",등록외국인,34,43
"용산구","청파동",계,223,240
"용산구","청파동",한국인,214,234
"용산구","청파동",등록외국인,9,6
"용산구","원효로1동",계,560,584
"용산구","원효로1동",한국인,516,541
"용산구","원효로1동",등록외국인,44,43
"용산구","한강로동",계,783,618
"용산구","한강로동",한국인,700,487
"용산구","한강로동",등록외국인,83,131
"용산구","한남동",계,507,565
"용산구","한남동",한국인,434,442
"용산구","한남동",등록외국인,73,123
"성동구","왕십리2동",계,499,501
"성동구","왕십리2동",한국인,490,495
"성동구","왕십리2동",등록외국인,9,6
"성동구","마장동",계,465,486
"성동구","마장동",한국인,449,474
"성동구","마장동",등록외국인,16,12
"성동구","사근동",계,144,162
"성동구","사근동",한국인,133,158
"성동구","사근동",등록외국인,11,4
"성동구","행당1동",계,375,428
"성동구","행당1동",한국인,372,425
"성동구","행당1동",등록외국인,3,3
"성동구","행당2동",계,687,812
"성동구","행당2동",한국인,687,811
"성동구","행당2동",등록외국인,-,1
"성동구","응봉동",계,373,531
"성동구","응봉동",한국인,372,529
"성동구","응봉동",등록외국인,1,2
"성동구","금호1가동",계,491,545
"성동구","금호1가동",한국인,489,542
"성동구","금호1가동",등록외국인,2,3
"성동구","금호4가동",계,529,609
"성동구","금호4가동",한국인,529,608
"성동구","금호4가동",등록외국인,-,1
"성동구","성수1가1동",계,381,386
"성동구","성수1가1동",한국인,373,384
"성동구","성수1가1동",등록외국인,8,2
"성동구","성수1가2동",계,291,273
"성동구","성수1가2동",한국인,290,271
"성동구","성수1가2동",등록외국인,1,2
"성동구","성수2가1동",계,264,258
"성동구","성수2가1동",한국인,255,253
"성동구","성수2가1동",등록외국인,9,5
"성동구","성수2가3동",계,201,197
"성동구","성수2가3동",한국인,199,196
"성동구","성수2가3동",등록외국인,2,1
"성동구","송정동",계,149,186
"성동구","송정동",한국인,140,180
"성동구","송정동",등록외국인,9,6
"성동구","용답동",계,132,155
"성동구","용답동",한국인,117,137
"성동구","용답동",등록외국인,15,18
"성동구","왕십리도선동",계,870,1064
"성동구","왕십리도선동",한국인,861,1055
"성동구","왕십리도선동",등록외국인,9,9
"성동구","금호2.3가동",계,731,741
"성동구","금호2.3가동",한국인,729,739
"성동구","금호2.3가동",등록외국인,2,2
"성동구","옥수동",계,1087,1160
"성동구","옥수동",한국인,1078,1154
"성동구","옥수동",등록외국인,9,6
"광진구","소계",계,6122,8553
"광진구","소계",한국인,5835,8263
"광진구","소계",등록외국인,287,290
"광진구","화양동",계,159,153
"광진구","화양동",한국인,136,142
"광진구","화양동",등록외국인,23,11
"광진구","군자동",계,311,381
"광진구","군자동",한국인,233,343
"광진구","군자동",등록외국인,78,38
"광진구","중곡1동",계,265,262
"광진구","중곡1동",한국인,253,248
"광진구","중곡1동",등록외국인,12,14
"광진구","중곡2동",계,297,485
"광진구","중곡2동",한국인,284,477
"광진구","중곡2동",등록외국인,13,8
"광진구","중곡3동",계,272,273
"광진구","중곡3동",한국인,258,266
"광진구","중곡3동",등록외국인,14,7
"광진구","중곡4동",계,443,504
"광진구","중곡4동",한국인,436,491
"광진구","중곡4동",등록외국인,7,13
"광진구","능동",계,211,221
"광진구","능동",한국인,195,203
"광진구","능동",등록외국인,16,18
"광진구","구의1동",계,370,448
"광진구","구의1동",한국인,347,429
"광진구","구의1동",등록외국인,23,19
"광진구","구의2동",계,505,771
"광진구","구의2동",한국인,479,731
"광진구","구의2동",등록외국인,26,40
"광진구","구의3동",계,652,860
"광진구","구의3동",한국인,646,855
"광진구","구의3동",등록외국인,6,5
"광진구","광장동",계,674,1733
"광진구","광장동",한국인,661,1714
"광진구","광장동",등록외국인,13,19
"광진구","자양1동",계,279,394
"광진구","자양1동",한국인,267,382
"광진구","자양1동",등록외국인,12,12
"광진구","자양2동",계,526,621
"광진구","자양2동",한국인,514,607
"광진구","자양2동",등록외국인,12,14
"광진구","자양3동",계,786,1022
"광진구","자양3동",한국인,778,1017
"광진구","자양3동",등록외국인,8,5
"광진구","자양4동",계,372,425
"광진구","자양4동",한국인,348,358
"광진구","자양4동",등록외국인,24,67
"동대문구","회기동",계,120,176
"동대문구","회기동",한국인,109,173
"동대문구","회기동",등록외국인,11,3
"동대문구","휘경1동",계,282,342
"동대문구","휘경1동",한국인,273,336
"동대문구","휘경1동",등록외국인,9,6
"동대문구","휘경2동",계,385,540
"동대문구","휘경2동",한국인,372,531
"동대문구","휘경2동",등록외국인,13,9
"동대문구","청량리동",계,239,330
"동대문구","청량리동",한국인,232,322
"동대문구","청량리동",등록외국인,7,8
"동대문구","용신동",계,863,1021
"동대문구","용신동",한국인,836,998
"동대문구","용신동",등록외국인,27,23
"동대문구","제기동",계,372,381
"동대문구","제기동",한국인,346,366
"동대문구","제기동",등록외국인,26,15
"동대문구","전농1동",계,853,1096
"동대문구","전농1동",한국인,827,1079
"동대문구","전농1동",등록외국인,26,17
"동대문구","전농2동",계,389,533
"동대문구","전농2동",한국인,386,528
"동대문구","전농2동",등록외국인,3,5
"동대문구","답십리2동",계,729,767
"동대문구","답십리2동",한국인,721,758
"동대문구","답십리2동",등록외국인,8,9
"동대문구","장안1동",계,865,1103
"동대문구","장안1동",한국인,846,1082
"동대문구","장안1동",등록외국인,19,21
"동대문구","장안2동",계,1002,1436
"동대문구","장안2동",한국인,995,1426
"동대문구","장안2동",등록외국인,7,10
"동대문구","이문1동",계,239,320
"동대문구","이문1동",한국인,204,309
"동대문구","이문1동",등록외국인,35,11
"동대문구","이문2동",계,406,583
"동대문구","이문2동",한국인,396,565
"동대문구","이문2동",등록외국인,10,18
"동대문구","답십리1동",계,959,1224
"동대문구","답십리1동",한국인,950,1208
"동대문구","답십리1동",등록외국인,9,16
"중랑구","면목2동",계,360,510
"중랑구","면목2동",한국인,342,499
"중랑구","면목2동",등록외국인,18,11
"중랑구","면목4동",계,352,449
"중랑구","면목4동",한국인,339,441
"중랑구","면목4동",등록외국인,13,8
"중랑구","면목5동",계,514,639
"중랑구","면목5동",한국인,506,631
"중랑구","면목5동",등록외국인,8,8
"중랑구","면목7동",계,492,499
"중랑구","면목7동",한국인,477,491
"중랑구","면목7동",등록외국인,15,8
"중랑구","상봉1동",계,604,767
"중랑구","상봉1동",한국인,599,763
"중랑구","상봉1동",등록외국인,5,4
"중랑구","상봉2동",계,416,269
"중랑구","상봉2동",한국인,401,253
"중랑구","상봉2동",등록외국인,15,16
"중랑구","중화1동",계,396,440
"중랑구","중화1동",한국인,383,432
"중랑구","중화1동",등록외국인,13,8
"중랑구","중화2동",계,375,418
"중랑구","중화2동",한국인,357,410
"중랑구","중화2동",등록외국인,18,8
"중랑구","묵1동",계,584,1009
"중랑구","묵1동",한국인,579,1006
"중랑구","묵1동",등록외국인,5,3
"중랑구","묵2동",계,331,418
"중랑구","묵2동",한국인,320,411
"중랑구","묵2동",등록외국인,11,7
"중랑구","망우3동",계,246,313
"중랑구","망우3동",한국인,213,282
"중랑구","망우3동",등록외국인,33,31
"중랑구","신내1동",계,885,1168
"중랑구","신내1동",한국인,880,1164
"중랑구","신내1동",등록외국인,5,4
"중랑구","신내2동",계,400,536
"중랑구","신내2동",한국인,398,536
"중랑구","신내2동",등록외국인,2,-
"중랑구","면목본동",계,533,638
"중랑구","면목본동",한국인,502,611
"중랑구","면목본동",등록외국인,31,27
"중랑구","면목3.8동",계,412,471
"중랑구","면목3.8동",한국인,393,459
"중랑구","면목3.8동",등록외국인,19,12
"중랑구","망우본동",계,1292,1462
"중랑구","망우본동",한국인,1276,1439
"중랑구","망우본동",등록외국인,16,23
"성북구","돈암1동",계,313,321
"성북구","돈암1동",한국인,312,319
"성북구","돈암1동",등록외국인,1,2
"성북구","돈암2동",계,583,963
"성북구","돈암2동",한국인,581,961
"성북구","돈암2동",등록외국인,2,2
"성북구","안암동",계,163,229
"성북구","안암동",한국인,148,220
"성북구","안암동",등록외국인,15,9
"성북구","보문동",계,407,498
"성북구","보문동",한국인,395,489
"성북구","보문동",등록외국인,12,9
"성북구","정릉1동",계,476,666
"성북구","정릉1동",한국인,475,663
"성북구","정릉1동",등록외국인,1,3
"성북구","정릉2동",계,507,626
"성북구","정릉2동",한국인,502,624
"성북구","정릉2동",등록외국인,5,2
"성북구","정릉3동",계,180,207
"성북구","정릉3동",한국인,177,205
"성북구","정릉3동",등록외국인,3,2
"성북구","정릉4동",계,510,593
"성북구","정릉4동",한국인,507,592
"성북구","정릉4동",등록외국인,3,1
"성북구","길음1동",계,990,1826
"성북구","길음1동",한국인,988,1824
"성북구","길음1동",등록외국인,2,2
"성북구","길음2동",계,742,1202
"성북구","길음2동",한국인,739,1200
"성북구","길음2동",등록외국인,3,2
"성북구","월곡1동",계,639,898
"성북구","월곡1동",한국인,638,893
"성북구","월곡1동",등록외국인,1,5
"성북구","월곡2동",계,350,399
"성북구","월곡2동",한국인,325,388
"성북구","월곡2동",등록외국인,25,11
"성북구","장위1동",계,498,844
"성북구","장위1동",한국인,495,835
"성북구","장위1동",등록외국인,3,9
"성북구","장위2동",계,210,238
"성북구","장위2동",한국인,200,230
"성북구","장위2동",등록외국인,10,8
"성북구","장위3동",계,559,844
"성북구","장위3동",한국인,559,841
"성북구","장위3동",등록외국인,-,3
"성북구","성북동",계,305,314
"성북구","성북동",한국인,294,299
"성북구","성북동",등록외국인,11,15
"성북구","삼선동",계,297,439
"성북구","삼선동",한국인,291,435
"성북구","삼선동",등록외국인,6,4
"성북구","동선동",계,148,231
"성북구","동선동",한국인,147,229
"성북구","동선동",등록외국인,1,2
"성북구","종암동",계,788,1181
"성북구","종암동",한국인,761,1164
"성북구","종암동",등록외국인,27,17
"성북구","석관동",계,733,864
"성북구","석관동",한국인,712,838
"성북구","석관동",등록외국인,21,26
"강북구","번1동",계,175,262
"강북구","번1동",한국인,168,250
"강북구","번1동",등록외국인,7,12
"강북구","번2동",계,164,269
"강북구","번2동",한국인,158,268
"강북구","번2동",등록외국인,6,1
"강북구","번3동",계,259,349
"강북구","번3동",한국인,259,349
"강북구","번3동",등록외국인,-,-
"강북구","수유1동",계,248,407
"강북구","수유1동",한국인,245,403
"강북구","수유1동",등록외국인,3,4
"강북구","수유2동",계,305,464
"강북구","수유2동",한국인,298,458
"강북구","수유2동",등록외국인,7,6
"강북구","수유3동",계,189,324
"강북구","수유3동",한국인,180,322
"강북구","수유3동",등록외국인,9,2
"강북구","삼양동",계,454,623
"강북구","삼양동",한국인,446,617
"강북구","삼양동",등록외국인,8,6
"강북구","미아동",계,214,321
"강북구","미아동",한국인,197,301
"강북구","미아동",등록외국인,17,20
"강북구","송중동",계,534,645
"강북구","송중동",한국인,521,632
"강북구","송중동",등록외국인,13,13
"강북구","송천동",계,274,388
"강북구","송천동",한국인,257,380
"강북구","송천동",등록외국인,17,8
"강북구","삼각산동",계,786,1277
"강북구","삼각산동",한국인,784,1273
"강북구","삼각산동",등록외국인,2,4
"강북구","우이동",계,308,445
"강북구","우이동",한국인,306,445
"강북구","우이동",등록외국인,2,-
"강북구","인수동",계,376,669
"강북구","인수동",한국인,370,667
"강북구","인수동",등록외국인,6,2
"도봉구","쌍문1동",계,326,510
"도봉구","쌍문1동",한국인,321,503
"도봉구","쌍문1동",등록외국인,5,7
"도봉구","쌍문2동",계,305,418
"도봉구","쌍문2동",한국인,300,414
"도봉구","쌍문2동",등록외국인,5,4
"도봉구","쌍문3동",계,282,323
"도봉구","쌍문3동",한국인,282,321
"도봉구","쌍문3동",등록외국인,-,2
"도봉구","쌍문4동",계,323,549
"도봉구","쌍문4동",한국인,323,546
"도봉구","쌍문4동",등록외국인,-,3
"도봉구","방학1동",계,389,669
"도봉구","방학1동",한국인,386,667
"도봉구","방학1동",등록외국인,3,2
"도봉구","방학2동",계,233,350
"도봉구","방학2동",한국인,229,344
"도봉구","방학2동",등록외국인,4,6
"도봉구","방학3동",계,455,905
"도봉구","방학3동",한국인,454,900
"도봉구","방학3동",등록외국인,1,5
"도봉구","창1동",계,408,631
"도봉구","창1동",한국인,402,624
"도봉구","창1동",등록외국인,6,7
"도봉구","창2동",계,504,737
"도봉구","창2동",한국인,496,729
"도봉구","창2동",등록외국인,8,8
"도봉구","창3동",계,144,309
"도봉구","창3동",한국인,142,306
"도봉구","창3동",등록외국인,2,3
"도봉구","창4동",계,564,770
"도봉구","창4동",한국인,563,768
"도봉구","창4동",등록외국인,1,2
"도봉구","창5동",계,471,601
"도봉구","창5동",한국인,468,601
"도봉구","창5동",등록외국인,3,-
"도봉구","도봉1동",계,208,325
"도봉구","도봉1동",한국인,204,320
"도봉구","도봉1동",등록외국인,4,5
"도봉구","도봉2동",계,625,738
"도봉구","도봉2동",한국인,621,733
"도봉구","도봉2동",등록외국인,4,5
"노원구","월계1동",계,389,434
"노원구","월계1동",한국인,383,428
"노원구","월계1동",등록외국인,6,6
"노원구","월계2동",계,553,716
"노원구","월계2동",한국인,551,712
"노원구","월계2동",등록외국인,2,4
"노원구","월계3동",계,773,832
"노원구","월계3동",한국인,771,828
"노원구","월계3동",등록외국인,2,4
"노원구","공릉2동",계,1146,1598
"노원구","공릉2동",한국인,1143,1595
"노원구","공릉2동",등록외국인,3,3
"노원구","하계1동",계,328,496
"노원구","하계1동",한국인,322,489
"노원구","하계1동",등록외국인,6,7
"노원구","하계2동",계,394,743
"노원구","하계2동",한국인,394,741
"노원구","하계2동",등록외국인,-,2
"노원구","중계본동",계,260,823
"노원구","중계본동",한국인,260,823
"노원구","중계본동",등록외국인,-,-
"노원구","중계1동",계,318,1321
"노원구","중계1동",한국인,318,1320
"노원구","중계1동",등록외국인,-,1
"노원구","중계4동",계,266,554
"노원구","중계4동",한국인,266,551
"노원구","중계4동",등록외국인,-,3
"노원구","상계1동",계,635,1018
"노원구","상계1동",한국인,634,1015
"노원구","상계1동",등록외국인,1,3
"노원구","상계2동",계,273,353
"노원구","상계2동",한국인,270,349
"노원구","상계2동",등록외국인,3,4
"노원구","상계5동",계,316,434
"노원구","상계5동",한국인,311,430
"노원구","상계5동",등록외국인,5,4
"노원구","상계8동",계,1051,750
"노원구","상계8동",한국인,1051,750
"노원구","상계8동",등록외국인,-,-
"노원구","상계9동",계,409,524
"노원구","상계9동",한국인,407,521
"노원구","상계9동",등록외국인,2,3
"노원구","상계10동",계,531,582
"노원구","상계10동",한국인,530,580
"노원구","상계10동",등록외국인,1,2
"노원구","상계3.4동",계,503,846
"노원구","상계3.4동",한국인,502,842
"노원구","상계3.4동",등록외국인,1,4
"노원구","상계6.7동",계,805,924
"노원구","상계6.7동",한국인,801,919
"노원구","상계6.7동",등록외국인,4,5
"노원구","중계2.3동",계,599,791
"노원구","중계2.3동",한국인,598,789
"노원구","중계2.3동",등록외국인,1,2
"노원구","공릉1동",계,540,776
"노원구","공릉1동",한국인,530,768
"노원구","공릉1동",등록외국인,10,8
"은평구","녹번동",계,889,1011
"은평구","녹번동",한국인,881,1001
"은평구","녹번동",등록외국인,8,10
"은평구","불광1동",계,775,891
"은평구","불광1동",한국인,772,890
"은평구","불광1동",등록외국인,3,1
"은평구","갈현1동",계,152,261
"은평구","갈현1동",한국인,149,259
"은평구","갈현1동",등록외국인,3,2
"은평구","갈현2동",계,314,621
"은평구","갈현2동",한국인,312,615
"은평구","갈현2동",등록외국인,2,6
"은평구","구산동",계,418,723
"은평구","구산동",한국인,413,718
"은평구","구산동",등록외국인,5,5
"은평구","대조동",계,396,442
"은평구","대조동",한국인,388,435
"은평구","대조동",등록외국인,8,7
"은평구","응암1동",계,855,1131
"은평구","응암1동",한국인,847,1125
"은평구","응암1동",등록외국인,8,6
"은평구","응암2동",계,1082,1473
"은평구","응암2동",한국인,1077,1465
"은평구","응암2동",등록외국인,5,8
"은평구","신사1동",계,431,640
"은평구","신사1동",한국인,429,636
"은평구","신사1동",등록외국인,2,4
"은평구","신사2동",계,324,458
"은평구","신사2동",한국인,320,455
"은평구","신사2동",등록외국인,4,3
"은평구","증산동",계,428,507
"은평구","증산동",한국인,426,502
"은평구","증산동",등록외국인,2,5
"은평구","수색동",계,945,906
"은평구","수색동",한국인,923,883
"은평구","수색동",등록외국인,22,23
"은평구","진관동",계,1082,1989
"은평구","진관동",한국인,1081,1986
"은평구","진관동",등록외국인,1,3
"은평구","불광2동",계,304,427
"은평구","불광2동",한국인,301,423
"은평구","불광2동",등록외국인,3,4
"은평구","응암3동",계,281,385
"은평구","응암3동",한국인,278,370
"은평구","응암3동",등록외국인,3,15
"은평구","역촌동",계,699,1014
"은평구","역촌동",한국인,692,1004
"은평구","역촌동",등록외국인,7,10
"서대문구","천연동",계,483,519
"서대문구","천연동",한국인,481,516
"서대문구","천연동",등록외국인,2,3
"서대문구","홍제1동",계,640,730
"서대문구","홍제1동",한국인,636,723
"서대문구","홍제1동",등록외국인,4,7
"서대문구","홍제3동",계,423,527
"서대문구","홍제3동",한국인,423,525
"서대문구","홍제3동",등록외국인,-,2
"서대문구","홍제2동",계,301,290
"서대문구","홍제2동",한국인,300,290
"서대문구","홍제2동",등록외국인,1,-
"서대문구","홍은1동",계,545,657
"서대문구","홍은1동",한국인,543,656
"서대문구","홍은1동",등록외국인,2,1
"서대문구","홍은2동",계,590,820
"서대문구","홍은2동",한국인,581,806
"서대문구","홍은2동",등록외국인,9,14
"서대문구","남가좌1동",계,659,1181
"서대문구","남가좌1동",한국인,656,1172
"서대문구","남가좌1동",등록외국인,3,9
"서대문구","남가좌2동",계,866,1316
"서대문구","남가좌2동",한국인,859,1313
"서대문구","남가좌2동",등록외국인,7,3
"서대문구","북가좌1동",계,446,624
"서대문구","북가좌1동",한국인,443,620
"서대문구","북가좌1동",등록외국인,3,4
"서대문구","북가좌2동",계,469,612
"서대문구","북가좌2동",한국인,467,606
"서대문구","북가좌2동",등록외국인,2,6
"서대문구","충현동",계,412,554
"서대문구","충현동",한국인,407,552
"서대문구","충현동",등록외국인,5,2
"서대문구","북아현동",계,581,673
"서대문구","북아현동",한국인,576,670
"서대문구","북아현동",등록외국인,5,3
"서대문구","신촌동",계,252,193
"서대문구","신촌동",한국인,241,182
"서대문구","신촌동",등록외국인,11,11
"서대문구","연희동",계,489,771
"서대문구","연희동",한국인,457,706
"서대문구","연희동",등록외국인,32,65
"마포구","용강동",계,653,1159
"마포구","용강동",한국인,638,1150
"마포구","용강동",등록외국인,15,9
"마포구","대흥동",계,235,291
"마포구","대흥동",한국인,229,283
"마포구","대흥동",등록외국인,6,8
"마포구","염리동",계,475,798
"마포구","염리동",한국인,466,785
"마포구","염리동",등록외국인,9,13
"마포구","신수동",계,616,790
"마포구","신수동",한국인,612,784
"마포구","신수동",등록외국인,4,6
"마포구","서교동",계,271,361
"마포구","서교동",한국인,261,349
"마포구","서교동",등록외국인,10,12
"마포구","합정동",계,267,299
"마포구","합정동",한국인,266,290
"마포구","합정동",등록외국인,1,9
"마포구","망원1동",계,294,406
"마포구","망원1동",한국인,290,400
"마포구","망원1동",등록외국인,4,6
"마포구","망원2동",계,298,441
"마포구","망원2동",한국인,296,440
"마포구","망원2동",등록외국인,2,1
"마포구","연남동",계,205,251
"마포구","연남동",한국인,201,242
"마포구","연남동",등록외국인,4,9
"마포구","성산1동",계,269,377
"마포구","성산1동",한국인,262,373
"마포구","성산1동",등록외국인,7,4
"마포구","성산2동",계,748,952
"마포구","성산2동",한국인,741,944
"마포구","성산2동",등록외국인,7,8
"마포구","상암동",계,680,1198
"마포구","상암동",한국인,644,1110
"마포구","상암동",등록외국인,36,88
"마포구","도화동",계,567,642
"마포구","도화동",한국인,566,640
"마포구","도화동",등록외국인,1,2
"마포구","서강동",계,617,884
"마포구","서강동",한국인,616,877
"마포구","서강동",등록외국인,1,7
"마포구","공덕동",계,832,949
"마포구","공덕동",한국인,813,932
"마포구","공덕동",등록외국인,19,17
"마포구","아현동",계,1364,1564
"마포구","아현동",한국인,1354,1545
"마포구","아현동",등록외국인,10,19
"양천구","목1동",계,569,1792
"양천구","목1동",한국인,569,1787
"양천구","목1동",등록외국인,-,5
"양천구","목2동",계,527,706
"양천구","목2동",한국인,524,702
"양천구","목2동",등록외국인,3,4
"양천구","목3동",계,480,528
"양천구","목3동",한국인,479,522
"양천구","목3동",등록외국인,1,6
"양천구","목4동",계,299,637
"양천구","목4동",한국인,296,635
"양천구","목4동",등록외국인,3,2
"양천구","신월1동",계,242,354
"양천구","신월1동",한국인,241,346
"양천구","신월1동",등록외국인,1,8
"양천구","신월2동",계,502,668
"양천구","신월2동",한국인,499,666
"양천구","신월2동",등록외국인,3,2
"양천구","신월3동",계,286,312
"양천구","신월3동",한국인,280,307
"양천구","신월3동",등록외국인,6,5
"양천구","신월4동",계,388,576
"양천구","신월4동",한국인,384,575
"양천구","신월4동",등록외국인,4,1
"양천구","신월5동",계,248,397
"양천구","신월5동",한국인,246,390
"양천구","신월5동",등록외국인,2,7
"양천구","신월6동",계,608,716
"양천구","신월6동",한국인,605,714
"양천구","신월6동",등록외국인,3,2
"양천구","신월7동",계,356,351
"양천구","신월7동",한국인,350,347
"양천구","신월7동",등록외국인,6,4
"양천구","신정1동",계,370,1058
"양천구","신정1동",한국인,370,1056
"양천구","신정1동",등록외국인,-,2
"양천구","신정2동",계,267,719
"양천구","신정2동",한국인,266,719
"양천구","신정2동",등록외국인,1,-
"양천구","신정3동",계,1184,1641
"양천구","신정3동",한국인,1179,1631
"양천구","신정3동",등록외국인,5,10
"양천구","신정6동",계,473,1246
"양천구","신정6동",한국인,473,1245
"양천구","신정6동",등록외국인,-,1
"양천구","신정7동",계,561,1013
"양천구","신정7동",한국인,560,1010
"양천구","신정7동",등록외국인,1,3
"양천구","목5동",계,720,2194
"양천구","목5동",한국인,719,2189
"양천구","목5동",등록외국인,1,5
"양천구","신정4동",계,436,612
"양천구","신정4동",한국인,423,599
"양천구","신정4동",등록외국인,13,13
"강서구","염창동",계,1454,1826
"강서구","염창동",한국인,1450,1824
"강서구","염창동",등록외국인,4,2
"강서구","등촌1동",계,663,560
"강서구","등촌1동",한국인,661,554
"강서구","등촌1동",등록외국인,2,6
"강서구","등촌2동",계,396,484
"강서구","등촌2동",한국인,395,482
"강서구","등촌2동",등록외국인,1,2
"강서구","등촌3동",계,660,726
"강서구","등촌3동",한국인,653,715
"강서구","등촌3동",등록외국인,7,11
"강서구","화곡본동",계,475,774
"강서구","화곡본동",한국인,468,763
"강서구","화곡본동",등록외국인,7,11
"강서구","화곡2동",계,283,478
"강서구","화곡2동",한국인,274,465
"강서구","화곡2동",등록외국인,9,13
"강서구","화곡3동",계,347,545
"강서구","화곡3동",한국인,344,542
"강서구","화곡3동",등록외국인,3,3
"강서구","화곡4동",계,308,417
"강서구","화곡4동",한국인,300,406
"강서구","화곡4동",등록외국인,8,11
"강서구","화곡6동",계,698,679
"강서구","화곡6동",한국인,694,667
"강서구","화곡6동",등록외국인,4,12
"강서구","화곡8동",계,332,476
"강서구","화곡8동",한국인,315,464
"강서구","화곡8동",등록외국인,17,12
"강서구","가양1동",계,668,605
"강서구","가양1동",한국인,667,603
"강서구","가양1동",등록외국인,1,2
"강서구","가양2동",계,205,212
"강서구","가양2동",한국인,205,212
"강서구","가양2동",등록외국인,-,-
"강서구","가양3동",계,391,189
"강서구","가양3동",한국인,390,188
"강서구","가양3동",등록외국인,1,1
"강서구","발산1동",계,829,1347
"강서구","발산1동",한국인,827,1345
"강서구","발산1동",등록외국인,2,2
"강서구","공항동",계,935,1669
"강서구","공항동",한국인,921,1654
"강서구","공항동",등록외국인,14,15
"강서구","방화1동",계,1155,1703
"강서구","방화1동",한국인,1152,1699
"강서구","방화1동",등록외국인,3,4
"강서구","방화2동",계,442,481
"강서구","방화2동",한국인,436,477
"강서구","방화2동",등록외국인,6,4
"강서구","방화3동",계,504,494
"강서구","방화3동",한국인,504,494
"강서구","방화3동",등록외국인,-,-
"강서구","화곡1동",계,812,1024
"강서구","화곡1동",한국인,779,998
"강서구","화곡1동",등록외국인,33,26
"강서구","우장산동",계,974,1914
"강서구","우장산동",한국인,968,1905
"강서구","우장산동",등록외국인,6,9
"구로구","신도림동",계,1233,1643
"구로구","신도림동",한국인,1223,1636
"구로구","신도림동",등록외국인,10,7
"구로구","구로1동",계,705,791
"구로구","구로1동",한국인,698,784
"구로구","구로1동",등록외국인,7,7
"구로구","구로3동",계,476,524
"구로구","구로3동",한국인,420,448
"구로구","구로3동",등록외국인,56,76
"구로구","구로4동",계,329,370
"구로구","구로4동",한국인,249,260
"구로구","구로4동",등록외국인,80,110
"구로구","구로5동",계,802,797
"구로구","구로5동",한국인,754,702
"구로구","구로5동",등록외국인,48,95
"구로구","고척1동",계,917,809
"구로구","고척1동",한국인,906,802
"구로구","고척1동",등록외국인,11,7
"구로구","고척2동",계,498,720
"구로구","고척2동",한국인,489,704
"구로구","고척2동",등록외국인,9,16
"구로구","개봉2동",계,694,887
"구로구","개봉2동",한국인,678,866
"구로구","개봉2동",등록외국인,16,21
"구로구","개봉3동",계,337,501
"구로구","개봉3동",한국인,317,477
"구로구","개봉3동",등록외국인,20,24
"구로구","오류1동",계,497,484
"구로구","오류1동",한국인,478,461
"구로구","오류1동",등록외국인,19,23
"구로구","수궁동",계,499,539
"구로구","수궁동",한국인,482,527
"구로구","수궁동",등록외국인,17,12
"구로구","가리봉동",계,130,184
"구로구","가리봉동",한국인,76,92
"구로구","가리봉동",등록외국인,54,92
"구로구","구로2동",계,420,576
"구로구","구로2동",한국인,286,319
"구로구","구로2동",등록외국인,134,257
"구로구","개봉1동",계,1034,893
"구로구","개봉1동",한국인,1013,872
"구로구","개봉1동",등록외국인,21,21
"구로구","오류2동",계,743,1132
"구로구","오류2동",한국인,728,1112
"구로구","오류2동",등록외국인,15,20
"구로구","항동",계,784,1433
"구로구","항동",한국인,781,1426
"구로구","항동",등록외국인,3,7
"금천구","가산동",계,333,285
"금천구","가산동",한국인,293,238
"금천구","가산동",등록외국인,40,47
"금천구","독산1동",계,1472,1377
"금천구","독산1동",한국인,1415,1327
"금천구","독산1동",등록외국인,57,50
"금천구","독산2동",계,285,425
"금천구","독산2동",한국인,246,376
"금천구","독산2동",등록외국인,39,49
"금천구","독산3동",계,386,512
"금천구","독산3동",한국인,317,389
"금천구","독산3동",등록외국인,69,123
"금천구","독산4동",계,231,300
"금천구","독산4동",한국인,180,233
"금천구","독산4동",등록외국인,51,67
"금천구","시흥1동",계,573,784
"금천구","시흥1동",한국인,528,727
"금천구","시흥1동",등록외국인,45,57
"금천구","시흥2동",계,461,667
"금천구","시흥2동",한국인,460,667
"금천구","시흥2동",등록외국인,1,-
"금천구","시흥3동",계,133,236
"금천구","시흥3동",한국인,131,231
"금천구","시흥3동",등록외국인,2,5
"금천구","시흥4동",계,286,414
"금천구","시흥4동",한국인,262,388
"금천구","시흥4동",등록외국인,24,26
"금천구","시흥5동",계,283,376
"금천구","시흥5동",한국인,267,351
"금천구","시흥5동",등록외국인,16,25
"영등포구","여의동",계,977,1345
"영등포구","여의동",한국인,961,1324
"영등포구","여의동",등록외국인,16,21
"영등포구","당산1동",계,538,420
"영등포구","당산1동",한국인,532,409
"영등포구","당산1동",등록외국인,6,11
"영등포구","당산2동",계,1050,1203
"영등포구","당산2동",한국인,1045,1198
"영등포구","당산2동",등록외국인,5,5
"영등포구","양평1동",계,583,512
"영등포구","양평1동",한국인,581,508
"영등포구","양평1동",등록외국인,2,4
"영등포구","양평2동",계,772,653
"영등포구","양평2동",한국인,768,648
"영등포구","양평2동",등록외국인,4,5
"영등포구","신길1동",계,318,384
"영등포구","신길1동",한국인,283,354
"영등포구","신길1동",등록외국인,35,30
"영등포구","신길3동",계,430,575
"영등포구","신길3동",한국인,405,546
"영등포구","신길3동",등록외국인,25,29
"영등포구","신길4동",계,324,411
"영등포구","신길4동",한국인,308,383
"영등포구","신길4동",등록외국인,16,28
"영등포구","신길5동",계,266,382
"영등포구","신길5동",한국인,253,347
"영등포구","신길5동",등록외국인,13,35
"영등포구","신길6동",계,455,434
"영등포구","신길6동",한국인,442,414
"영등포구","신길6동",등록외국인,13,20
"영등포구","신길7동",계,749,1054
"영등포구","신길7동",한국인,746,1048
"영등포구","신길7동",등록외국인,3,6
"영등포구","대림1동",계,348,396
"영등포구","대림1동",한국인,291,318
"영등포구","대림1동",등록외국인,57,78
"영등포구","대림2동",계,243,340
"영등포구","대림2동",한국인,130,160
"영등포구","대림2동",등록외국인,113,180
"영등포구","대림3동",계,549,542
"영등포구","대림3동",한국인,478,417
"영등포구","대림3동",등록외국인,71,125
"영등포구","영등포본동",계,551,628
"영등포구","영등포본동",한국인,513,575
"영등포구","영등포본동",등록외국인,38,53
"영등포구","영등포동",계,558,475
"영등포구","영등포동",한국인,552,463
"영등포구","영등포동",등록외국인,6,12
"영등포구","도림동",계,444,425
"영등포구","도림동",한국인,399,355
"영등포구","도림동",등록외국인,45,70
"영등포구","문래동",계,1150,1495
"영등포구","문래동",한국인,1147,1487
"영등포구","문래동",등록외국인,3,8
"동작구","노량진2동",계,68,81
"동작구","노량진2동",한국인,53,72
"동작구","노량진2동",등록외국인,15,9
"동작구","상도1동",계,815,1158
"동작구","상도1동",한국인,801,1149
"동작구","상도1동",등록외국인,14,9
"동작구","상도2동",계,862,1114
"동작구","상도2동",한국인,856,1110
"동작구","상도2동",등록외국인,6,4
"동작구","상도3동",계,333,429
"동작구","상도3동",한국인,325,423
"동작구","상도3동",등록외국인,8,6
"동작구","상도4동",계,568,669
"동작구","상도4동",한국인,563,661
"동작구","상도4동",등록외국인,5,8
"동작구","사당1동",계,266,288
"동작구","사당1동",한국인,259,285
"동작구","사당1동",등록외국인,7,3
"동작구","사당3동",계,647,946
"동작구","사당3동",한국인,647,945
"동작구","사당3동",등록외국인,-,1
"동작구","사당4동",계,238,265
"동작구","사당4동",한국인,236,265
"동작구","사당4동",등록외국인,2,-
"동작구","사당5동",계,428,387
"동작구","사당5동",한국인,425,387
"동작구","사당5동",등록외국인,3,-
"동작구","대방동",계,519,924
"동작구","대방동",한국인,515,920
"동작구","대방동",등록외국인,4,4
"동작구","신대방1동",계,509,751
"동작구","신대방1동",한국인,494,704
"동작구","신대방1동",등록외국인,15,47
"동작구","신대방2동",계,581,735
"동작구","신대방2동",한국인,578,732
"동작구","신대방2동",등록외국인,3,3
"동작구","흑석동",계,903,1296
"동작구","흑석동",한국인,895,1291
"동작구","흑석동",등록외국인,8,5
"동작구","노량진1동",계,728,742
"동작구","노량진1동",한국인,722,738
"동작구","노량진1동",등록외국인,6,4
"동작구","사당2동",계,717,865
"동작구","사당2동",한국인,714,860
"동작구","사당2동",등록외국인,3,5
"관악구","보라매동",계,316,488
"관악구","보라매동",한국인,308,476
"관악구","보라매동",등록외국인,8,12
"관악구","청림동",계,512,489
"관악구","청림동",한국인,511,486
"관악구","청림동",등록외국인,1,3
"관악구","행운동",계,368,439
"관악구","행운동",한국인,356,438
"관악구","행운동",등록외국인,12,1
"관악구","낙성대동",계,248,255
"관악구","낙성대동",한국인,240,251
"관악구","낙성대동",등록외국인,8,4
"관악구","중앙동",계,141,158
"관악구","중앙동",한국인,141,158
"관악구","중앙동",등록외국인,-,-
"관악구","인헌동",계,320,421
"관악구","인헌동",한국인,314,411
"관악구","인헌동",등록외국인,6,10
"관악구","남현동",계,325,345
"관악구","남현동",한국인,322,343
"관악구","남현동",등록외국인,3,2
"관악구","서원동",계,242,226
"관악구","서원동",한국인,235,219
"관악구","서원동",등록외국인,7,7
"관악구","신원동",계,158,211
"관악구","신원동",한국인,140,192
"관악구","신원동",등록외국인,18,19
"관악구","서림동",계,220,339
"관악구","서림동",한국인,216,337
"관악구","서림동",등록외국인,4,2
"관악구","신사동",계,215,365
"관악구","신사동",한국인,175,296
"관악구","신사동",등록외국인,40,69
"관악구","신림동",계,114,124
"관악구","신림동",한국인,108,116
"관악구","신림동",등록외국인,6,8
"관악구","난향동",계,303,464
"관악구","난향동",한국인,295,458
"관악구","난향동",등록외국인,8,6
"관악구","조원동",계,402,324
"관악구","조원동",한국인,382,299
"관악구","조원동",등록외국인,20,25
"관악구","대학동",계,275,287
"관악구","대학동",한국인,234,258
"관악구","대학동",등록외국인,41,29
"관악구","은천동",계,590,838
"관악구","은천동",한국인,586,827
"관악구","은천동",등록외국인,4,11
"관악구","성현동",계,600,879
"관악구","성현동",한국인,595,872
"관악구","성현동",등록외국인,5,7
"관악구","청룡동",계,489,517
"관악구","청룡동",한국인,481,506
"관악구","청룡동",등록외국인,8,11
"관악구","난곡동",계,305,465
"관악구","난곡동",한국인,296,448
"관악구","난곡동",등록외국인,9,17
"관악구","삼성동",계,230,324
"관악구","삼성동",한국인,224,320
"관악구","삼성동",등록외국인,6,4
"관악구","미성동",계,439,735
"관악구","미성동",한국인,432,721
"관악구","미성동",등록외국인,7,14
"서초구","서초1동",계,441,615
"서초구","서초1동",한국인,441,615
"서초구","서초1동",등록외국인,-,-
"서초구","서초2동",계,815,1140
"서초구","서초2동",한국인,805,1136
"서초구","서초2동",등록외국인,10,4
"서초구","서초3동",계,619,791
"서초구","서초3동",한국인,617,783
"서초구","서초3동",등록외국인,2,8
"서초구","서초4동",계,701,1639
"서초구","서초4동",한국인,693,1623
"서초구","서초4동",등록외국인,8,16
"서초구","잠원동",계,639,1087
"서초구","잠원동",한국인,637,1084
"서초구","잠원동",등록외국인,2,3
"서초구","반포본동",계,4,15
"서초구","반포본동",한국인,4,14
"서초구","반포본동",등록외국인,-,1
"서초구","반포1동",계,828,1947
"서초구","반포1동",한국인,821,1937
"서초구","반포1동",등록외국인,7,10
"서초구","반포2동",계,950,1586
"서초구","반포2동",한국인,944,1578
"서초구","반포2동",등록외국인,6,8
"서초구","반포3동",계,674,1105
"서초구","반포3동",한국인,672,1102
"서초구","반포3동",등록외국인,2,3
"서초구","반포4동",계,549,985
"서초구","반포4동",한국인,512,887
"서초구","반포4동",등록외국인,37,98
"서초구","방배본동",계,329,789
"서초구","방배본동",한국인,325,781
"서초구","방배본동",등록외국인,4,8
"서초구","방배1동",계,330,562
"서초구","방배1동",한국인,328,560
"서초구","방배1동",등록외국인,2,2
"서초구","방배2동",계,403,481
"서초구","방배2동",한국인,399,478
"서초구","방배2동",등록외국인,4,3
"서초구","방배3동",계,411,599
"서초구","방배3동",한국인,411,599
"서초구","방배3동",등록외국인,-,-
"서초구","방배4동",계,435,780
"서초구","방배4동",한국인,422,753
"서초구","방배4동",등록외국인,13,27
"서초구","양재1동",계,1121,1380
"서초구","양재1동",한국인,1110,1375
"서초구","양재1동",등록외국인,11,5
"서초구","양재2동",계,442,496
"서초구","양재2동",한국인,429,492
"서초구","양재2동",등록외국인,13,4
"서초구","내곡동",계,570,699
"서초구","내곡동",한국인,569,698
"서초구","내곡동",등록외국인,1,1
"강남구","신사동",계,328,491
"강남구","신사동",한국인,328,490
"강남구","신사동",등록외국인,-,1
"강남구","개포3동",계,384,596
"강남구","개포3동",한국인,384,594
"강남구","개포3동",등록외국인,-,2
"강남구","논현1동",계,253,265
"강남구","논현1동",한국인,245,256
"강남구","논현1동",등록외국인,8,9
"강남구","논현2동",계,366,449
"강남구","논현2동",한국인,360,444
"강남구","논현2동",등록외국인,6,5
"강남구","삼성1동",계,272,376
"강남구","삼성1동",한국인,263,368
"강남구","삼성1동",등록외국인,9,8
"강남구","삼성2동",계,700,1145
"강남구","삼성2동",한국인,698,1139
"강남구","삼성2동",등록외국인,2,6
"강남구","대치1동",계,294,1234
"강남구","대치1동",한국인,294,1234
"강남구","대치1동",등록외국인,-,-
"강남구","대치4동",계,185,344
"강남구","대치4동",한국인,181,339
"강남구","대치4동",등록외국인,4,5
"강남구","역삼1동",계,431,378
"강남구","역삼1동",한국인,422,370
"강남구","역삼1동",등록외국인,9,8
"강남구","역삼2동",계,544,1452
"강남구","역삼2동",한국인,535,1448
"강남구","역삼2동",등록외국인,9,4
"강남구","도곡1동",계,467,904
"강남구","도곡1동",한국인,465,904
"강남구","도곡1동",등록외국인,2,-
"강남구","도곡2동",계,688,1645
"강남구","도곡2동",한국인,687,1645
"강남구","도곡2동",등록외국인,1,-
"강남구","개포1동",계,826,1573
"강남구","개포1동",한국인,826,1571
"강남구","개포1동",등록외국인,-,2
"강남구","개포4동",계,680,800
"강남구","개포4동",한국인,672,793
"강남구","개포4동",등록외국인,8,7
"강남구","일원본동",계,517,1135
"강남구","일원본동",한국인,516,1133
"강남구","일원본동",등록외국인,1,2
"강남구","일원1동",계,254,294
"강남구","일원1동",한국인,247,290
"강남구","일원1동",등록외국인,7,4
"강남구","수서동",계,275,205
"강남구","수서동",한국인,275,203
"강남구","수서동",등록외국인,-,2
"강남구","세곡동",계,1421,1953
"강남구","세곡동",한국인,1421,1949
"강남구","세곡동",등록외국인,-,4
"강남구","압구정동",계,667,1085
"강남구","압구정동",한국인,667,1083
"강남구","압구정동",등록외국인,-,2
"강남구","청담동",계,592,955
"강남구","청담동",한국인,592,950
"강남구","청담동",등록외국인,-,5
"강남구","대치2동",계,620,1625
"강남구","대치2동",한국인,620,1625
"강남구","대치2동",등록외국인,-,-
"강남구","개포2동",계,1575,2066
"강남구","개포2동",한국인,1575,2059
"강남구","개포2동",등록외국인,-,7
"송파구","풍납1동",계,265,245
"송파구","풍납1동",한국인,254,237
"송파구","풍납1동",등록외국인,11,8
"송파구","풍납2동",계,656,813
"송파구","풍납2동",한국인,649,808
"송파구","풍납2동",등록외국인,7,5
"송파구","거여1동",계,201,247
"송파구","거여1동",한국인,199,247
"송파구","거여1동",등록외국인,2,-
"송파구","거여2동",계,739,912
"송파구","거여2동",한국인,739,911
"송파구","거여2동",등록외국인,-,1
"송파구","마천1동",계,214,355
"송파구","마천1동",한국인,213,352
"송파구","마천1동",등록외국인,1,3
"송파구","마천2동",계,225,292
"송파구","마천2동",한국인,224,289
"송파구","마천2동",등록외국인,1,3
"송파구","방이1동",계,276,560
"송파구","방이1동",한국인,273,557
"송파구","방이1동",등록외국인,3,3
"송파구","방이2동",계,413,443
"송파구","방이2동",한국인,398,431
"송파구","방이2동",등록외국인,15,12
"송파구","오륜동",계,306,790
"송파구","오륜동",한국인,305,790
"송파구","오륜동",등록외국인,1,-
"송파구","오금동",계,885,1308
"송파구","오금동",한국인,884,1305
"송파구","오금동",등록외국인,1,3
"송파구","송파1동",계,422,443
"송파구","송파1동",한국인,421,436
"송파구","송파1동",등록외국인,1,7
"송파구","송파2동",계,434,750
"송파구","송파2동",한국인,431,748
"송파구","송파2동",등록외국인,3,2
"송파구","석촌동",계,543,566
"송파구","석촌동",한국인,534,551
"송파구","석촌동",등록외국인,9,15
"송파구","삼전동",계,466,513
"송파구","삼전동",한국인,463,503
"송파구","삼전동",등록외국인,3,10
"송파구","가락본동",계,635,649
"송파구","가락본동",한국인,630,640
"송파구","가락본동",등록외국인,5,9
"송파구","가락1동",계,1302,1665
"송파구","가락1동",한국인,1271,1649
"송파구","가락1동",등록외국인,31,16
"송파구","가락2동",계,728,1212
"송파구","가락2동",한국인,725,1210
"송파구","가락2동",등록외국인,3,2
"송파구","문정1동",계,465,555
"송파구","문정1동",한국인,460,552
"송파구","문정1동",등록외국인,5,3
"송파구","문정2동",계,623,721
"송파구","문정2동",한국인,621,718
"송파구","문정2동",등록외국인,2,3
"송파구","잠실본동",계,385,498
"송파구","잠실본동",한국인,381,488
"송파구","잠실본동",등록외국인,4,10
"송파구","잠실4동",계,726,1409
"송파구","잠실4동",한국인,724,1404
"송파구","잠실4동",등록외국인,2,5
"송파구","잠실6동",계,453,811
"송파구","잠실6동",한국인,443,795
"송파구","잠실6동",등록외국인,10,16
"송파구","잠실7동",계,208,321
"송파구","잠실7동",한국인,208,321
"송파구","잠실7동",등록외국인,-,-
"송파구","잠실2동",계,925,2262
"송파구","잠실2동",한국인,920,2257
"송파구","잠실2동",등록외국인,5,5
"송파구","잠실3동",계,800,1620
"송파구","잠실3동",한국인,796,1616
"송파구","잠실3동",등록외국인,4,4
"송파구","장지동",계,1061,1079
"송파구","장지동",한국인,1060,1077
"송파구","장지동",등록외국인,1,2
"송파구","위례동",계,2386,3640
"송파구","위례동",한국인,2385,3637
"송파구","위례동",등록외국인,1,3
"강동구","명일1동",계,887,1021
"강동구","명일1동",한국인,885,1016
"강동구","명일1동",등록외국인,2,5
"강동구","명일2동",계,278,632
"강동구","명일2동",한국인,277,631
"강동구","명일2동",등록외국인,1,1
"강동구","고덕1동",계,506,1442
"강동구","고덕1동",한국인,503,1440
"강동구","고덕1동",등록외국인,3,2
"강동구","고덕2동",계,1036,1614
"강동구","고덕2동",한국인,1019,1601
"강동구","고덕2동",등록외국인,17,13
"강동구","암사2동",계,535,514
"강동구","암사2동",한국인,535,511
"강동구","암사2동",등록외국인,-,3
"강동구","암사3동",계,478,945
"강동구","암사3동",한국인,478,945
"강동구","암사3동",등록외국인,-,-
"강동구","천호1동",계,481,517
"강동구","천호1동",한국인,474,509
"강동구","천호1동",등록외국인,7,8
"강동구","천호3동",계,537,484
"강동구","천호3동",한국인,529,478
"강동구","천호3동",등록외국인,8,6
"강동구","성내1동",계,528,658
"강동구","성내1동",한국인,523,654
"강동구","성내1동",등록외국인,5,4
"강동구","성내2동",계,420,425
"강동구","성내2동",한국인,410,404
"강동구","성내2동",등록외국인,10,21
"강동구","성내3동",계,381,522
"강동구","성내3동",한국인,372,512
"강동구","성내3동",등록외국인,9,10
"강동구","둔촌1동",계,522,465
"강동구","둔촌1동",한국인,522,465
"강동구","둔촌1동",등록외국인,-,-
"강동구","둔촌2동",계,735,789
"강동구","둔촌2동",한국인,735,788
"강동구","둔촌2동",등록외국인,-,1
"강동구","암사1동",계,664,919
"강동구","암사1동",한국인,652,913
"강동구","암사1동",등록외국인,12,6
"강동구","천호2동",계,716,763
"강동구","천호2동",한국인,697,748
"강동구","천호2동",등록외국인,19,15
"강동구","길동",계,1058,1153
"강동구","길동",한국인,1051,1145
"강동구","길동",등록외국인,7,8
"강동구","강일동",계,1379,1753
"강동구","강일동",한국인,1378,1752
"강동구","강일동",등록외국인,1,1
"강동구","상일1동",계,1494,2767
"강동구","상일1동",한국인,1492,2763
"강동구","상일1동",등록외국인,2,4
"강동구","상일2동",계,606,659
"강동구","상일2동",한국인,605,657
"강동구","상일2동",등록외국인,1,2
